Cajones_de_Estacionamiento__c,Calle__c,Ciudad__c,Closets__c,Colonia__c,CP__c,Cuota_Condominio__c,Cuota_Fraccionamiento__c,Delegacion_Municipio__c,Desarrollo__c,D_as_restantes_para_la_entrega_de_etapa__c,Eje__c,Estado__c,Mts2_Casa__c,Mts2_Jard_n__c,Mts2_Terreno__c,Mts_2_Terraza__c,Name,Niveles__c,recamaras,Numero_de_Escritura_Publica__c,Numero_de_piso__c,Numero__c,Tipo_de_Casa__c,Tipo_de_Propiedad__c,Torre__c,Ubicaci_n__c, Valor_de_Propiedad__c ,caracteristicas
1,Santa Fe,Santiago de Quer�taro,2,Juriquilla Santa Fe,76230,3190,150,Santa Rosa Jáuregui,Alegra Towers,44,Vertical,Quer�taro,133.5,,,11.96,C 204,1,2,45902,2.04,126,DEPARTAMENTO B,Departamento,Torre C,"Calle Santa Fe,N�mero exterior 126,Fraccionamiento Juriquilla Santa Fe","$3,774,441.60 ",Patrimonio de gran valor y privacidad con el mejor acceso al Fray Jun�pero
1,Santa Fe,Santiago de Quer�taro,2,Juriquilla Santa Fe,76230,8313,150,Santa Rosa Jáuregui,Alegra Towers,44,Vertical,Quer�taro,344,,,13.03,C 1303,1,2,45902,13.03,126,PH_B,Departamento,Torre C,"Calle Santa Fe,N�mero exterior 126,Fraccionamiento Juriquilla Santa Fe","$8,386,940.00 ",Patrimonio de gran valor y privacidad con el mejor acceso al Fray Jun�pero
1,Santa Fe,Santiago de Quer�taro,2,Juriquilla Santa Fe,76230,7418,150,Santa Rosa Jáuregui,Alegra Towers,44,Vertical,Quer�taro,306.9,,,13.26,C 1304,1,2,45902,13.04,126,PH_A,Departamento,Torre C,"Calle Santa Fe,N�mero exterior 126,Fraccionamiento Juriquilla Santa Fe","$7,548,696.00 ",Patrimonio de gran valor y privacidad con el mejor acceso al Fray Jun�pero
3,Santa Fe,Santiago de Quer�taro,2,Juriquilla Santa Fe,76230,7418,150,Santa Rosa Jáuregui,Alegra Towers,44,Vertical,Quer�taro,306.6,,,13.54,D 1304,1,2,45902,13.04,126,PH_A,Departamento,Torre D,"Circuito Altos Juriquilla 1231, Altos Juriquilla","$7,548,696.00 ",Patrimonio de gran valor y privacidad con el mejor acceso al Fray Jun�pero
2,Circuito Altos Juriquilla,Santiago de Quer�taro,3,Altos Juriquilla,76230,1700,274.42,Santiago de Quer�taro,Alondra,44,Horizontal,Quer�taro,215,35.4,142.5,,12,2,3,1858,,1231,A1,Casa,,"Circuito Altos Juriquilla 1231, Altos Juriquilla","$4,067,889.60 ","Encuentra el destino que quieres en Juriquilla, a unos pasos del campo de golf, colegios y zonas exclusivas"
2,Circuito Altos Juriquilla,Santiago de Quer�taro,4,Altos Juriquilla,76230,1700,274.42,Santiago de Quer�taro,Alondra,0,Horizontal,Quer�taro,165.4,41.9,169,,39,2,4,1858,,1231,C,Casa,,"Circuito Altos Juriquilla 1231, Altos Juriquilla","$3,501,466.40 ","Encuentra el destino que quieres en Juriquilla, a unos pasos del campo de golf, colegios y zonas exclusivas"
2,Circuito Altos Juriquilla,Santiago de Quer�taro,3,Altos Juriquilla,76230,1700,274.42,Santiago de Quer�taro,Alondra,44,Horizontal,Quer�taro,165.4,29.3,155.8,,45,2,3,1858,,1231,C,Casa,,"Circuito Altos Juriquilla 1231, Altos Juriquilla","$3,473,496.80 ","Encuentra el destino que quieres en Juriquilla, a unos pasos del campo de golf, colegios y zonas exclusivas"
2,Circuito Altos Juriquilla,Santiago de Quer�taro,3,Altos Juriquilla,76230,1700,274.42,Santiago de Quer�taro,Alondra,44,Horizontal,Quer�taro,165.4,39,166.2,,64,2,3,1858,,1231,C,Casa,,"Circuito Altos Juriquilla 1231, Altos Juriquilla","$3,490,512.80 ","Encuentra el destino que quieres en Juriquilla, a unos pasos del campo de golf, colegios y zonas exclusivas"
2,Circuito Altos Juriquilla,Santiago de Quer�taro,3,Altos Juriquilla,76230,1700,274.42,Santiago de Quer�taro,Alondra,44,Horizontal,Quer�taro,165.4,72.9,201.8,,65,2,3,1858,,1231,C,Casa,,"Circuito Altos Juriquilla 1231, Altos Juriquilla","$3,631,845.60 ","Encuentra el destino que quieres en Juriquilla, a unos pasos del campo de golf, colegios y zonas exclusivas"
2,Circuito Altos Juriquilla,Santiago de Quer�taro,3,Altos Juriquilla,76230,1700,274.42,Santiago de Quer�taro,Alondra,0,Horizontal,Quer�taro,165.4,73.7,201.9,,76,2,3,1858,,1231,C,Casa,,"Circuito Altos Juriquilla 1231, Altos Juriquilla","$3,635,338.40 ","Encuentra el destino que quieres en Juriquilla, a unos pasos del campo de golf, colegios y zonas exclusivas"
2,Circuito Altos Juriquilla,Santiago de Quer�taro,3,Altos Juriquilla,76230,1700,274.42,Santiago de Quer�taro,Alondra,0,Horizontal,Quer�taro,222,65.4,180.2,,83,2,3,1858,,1231,C1,Casa,,"Circuito Altos Juriquilla 1231, Altos Juriquilla","$4,858,659.20 ","Encuentra el destino que quieres en Juriquilla, a unos pasos del campo de golf, colegios y zonas exclusivas"
2,Circuito Altos Juriquilla,Santiago de Quer�taro,3,Altos Juriquilla,76230,1700,274.42,Santiago de Quer�taro,Alondra,44,Horizontal,Quer�taro,158,20.2,126,,87,2,3,1858,,1231,J,Casa,,"Circuito Altos Juriquilla 1231, Altos Juriquilla","$3,317,426.61 ","Encuentra el destino que quieres en Juriquilla, a unos pasos del campo de golf, colegios y zonas exclusivas"
2,Circuito Altos Juriquilla,Santiago de Quer�taro,3,Altos Juriquilla,76230,1700,274.42,Santiago de Quer�taro,Alondra,44,Horizontal,Quer�taro,158,20.2,126,,88,2,3,1858,,1231,J,Casa,,"Circuito Altos Juriquilla 1231, Altos Juriquilla","$3,287,291.20 ","Encuentra el destino que quieres en Juriquilla, a unos pasos del campo de golf, colegios y zonas exclusivas"
2,Circuito Altos Juriquilla,Santiago de Quer�taro,3,Altos Juriquilla,76230,1700,274.42,Santiago de Quer�taro,Alondra,44,Horizontal,Quer�taro,158,20.2,126,,89,2,3,1858,,1231,J,Casa,,"Circuito Altos Juriquilla 1231, Altos Juriquilla","$3,287,291.20 ","Encuentra el destino que quieres en Juriquilla, a unos pasos del campo de golf, colegios y zonas exclusivas"
2,Circuito Altos Juriquilla,Santiago de Quer�taro,3,Altos Juriquilla,76230,1700,274.42,Santiago de Quer�taro,Alondra,44,Horizontal,Quer�taro,158,20.2,126,,90,2,3,1858,,1231,J,Casa,,"Circuito Altos Juriquilla 1231, Altos Juriquilla","$3,317,426.61 ","Encuentra el destino que quieres en Juriquilla, a unos pasos del campo de golf, colegios y zonas exclusivas"
2,Circuito Altos Juriquilla,Santiago de Quer�taro,3,Altos Juriquilla,76230,1700,274.42,Santiago de Quer�taro,Alondra,75,Horizontal,Quer�taro,215,38.3,145.5,,92,2,3,1858,,1231,A1,Casa,,"Circuito Altos Juriquilla 1231, Altos Juriquilla","$4,128,051.20 ","Encuentra el destino que quieres en Juriquilla, a unos pasos del campo de golf, colegios y zonas exclusivas"
2,Circuito Altos Juriquilla,Santiago de Quer�taro,3,Altos Juriquilla,76230,1700,274.42,Santiago de Quer�taro,Alondra,75,Horizontal,Quer�taro,215,38.3,145.5,,93,2,3,1858,,1231,A1,Casa,,"Circuito Altos Juriquilla 1231, Altos Juriquilla","$4,128,051.20 ","Encuentra el destino que quieres en Juriquilla, a unos pasos del campo de golf, colegios y zonas exclusivas"
2,Circuito Altos Juriquilla,Santiago de Quer�taro,3,Altos Juriquilla,76230,1700,274.42,Santiago de Quer�taro,Alondra,44,Horizontal,Quer�taro,222,66.6,180.2,,97,2,3,1858,,1231,C1,Casa,,"Circuito Altos Juriquilla 1231, Altos Juriquilla","$4,381,488.80 ","Encuentra el destino que quieres en Juriquilla, a unos pasos del campo de golf, colegios y zonas exclusivas"
2,Circuito Altos Juriquilla,Santiago de Quer�taro,3,Altos Juriquilla,76230,1700,274.42,Santiago de Quer�taro,Alondra,75,Horizontal,Quer�taro,123.1,33.6,138.9,,103,2,3,1858,,1231,E,Casa,,"Circuito Altos Juriquilla 1231, Altos Juriquilla","$2,884,404.00 ","Encuentra el destino que quieres en Juriquilla, a unos pasos del campo de golf, colegios y zonas exclusivas"
2,Circuito Altos Juriquilla,Santiago de Quer�taro,3,Altos Juriquilla,76230,1700,274.42,Santiago de Quer�taro,Alondra,75,Horizontal,Quer�taro,121.5,38.3,134,,106,2,3,1858,,1231,A,Casa,,"Circuito Altos Juriquilla 1231, Altos Juriquilla","$2,833,091.20 ","Encuentra el destino que quieres en Juriquilla, a unos pasos del campo de golf, colegios y zonas exclusivas"
2,Circuito Altos Juriquilla,Santiago de Quer�taro,3,Altos Juriquilla,76230,1700,274.42,Santiago de Quer�taro,Alondra,75,Horizontal,Quer�taro,123.1,33.6,138.9,,107,2,3,1858,,1231,E,Casa,,"Circuito Altos Juriquilla 1231, Altos Juriquilla","$2,884,816.00 ","Encuentra el destino que quieres en Juriquilla, a unos pasos del campo de golf, colegios y zonas exclusivas"
1,Boulevard de los Volcanes Sur,Ocoyucan,3,"Cascatta II, Lomas de Angel�polis",72830,1530,220,Ocoyucan,El Capricho,0,Horizontal,Puebla,215.2,22.5,129,,8,2,3,103031,,1301,A,Casa,,"Calle Boulevard de los Volcanes Sur,N�mero exterior 1301,Fraccionamiento Cascatta II, Lomas de Angel�polis","$3,096,008.80 ",Patrimonio de gran valor y privacidad con el mejor acceso al Fray Jun�pero
1,Boulevard de los Volcanes Sur,Ocoyucan,3,"Cascatta II, Lomas de Angel�polis",72830,1530,220,Ocoyucan,El Capricho,0,Horizontal,Puebla,219.2,18,127.7,,25,2,3,103031,,1301,C,Casa,,"Calle Boulevard de los Volcanes Sur,N�mero exterior 1301,Fraccionamiento Cascatta II, Lomas de Angel�polis","$3,360,826.40 ",Patrimonio de gran valor y privacidad con el mejor acceso al Fray Jun�pero
1,Boulevard de los Volcanes Sur,Ocoyucan,4,"Cascatta II, Lomas de Angel�polis",72830,1530,220,Ocoyucan,El Capricho,44,Horizontal,Puebla,233.6,13.2,127.5,,26,2,4,103031,,1301,B,Casa,,"Calle Boulevard de los Volcanes Sur,N�mero exterior 1301,Fraccionamiento Cascatta II, Lomas de Angel�polis","$3,467,746.40 ",Patrimonio de gran valor y privacidad con el mejor acceso al Fray Jun�pero
1,Boulevard de los Volcanes Sur,Ocoyucan,4,"Cascatta II, Lomas de Angel�polis",72830,1530,220,Ocoyucan,El Capricho,44,Horizontal,Puebla,233.6,12.9,127.7,,27,2,4,103031,,1301,B,Casa,,"Calle Boulevard de los Volcanes Sur,N�mero exterior 1301,Fraccionamiento Cascatta II, Lomas de Angel�polis","$3,467,746.40 ",Patrimonio de gran valor y privacidad con el mejor acceso al Fray Jun�pero
1,Boulevard de los Volcanes Sur,Ocoyucan,4,"Cascatta II, Lomas de Angel�polis",72830,1530,220,Ocoyucan,El Capricho,44,Horizontal,Puebla,215.2,74.5,159.2,,32,2,4,103031,,1301,A,Casa,,"Calle Boulevard de los Volcanes Sur,N�mero exterior 1301,Fraccionamiento Cascatta II, Lomas de Angel�polis","$3,500,214.40 ",Patrimonio de gran valor y privacidad con el mejor acceso al Fray Jun�pero
1,Boulevard de los Volcanes Sur,Ocoyucan,4,"Cascatta II, Lomas de Angel�polis",72830,1530,220,Ocoyucan,El Capricho,44,Horizontal,Puebla,215.2,65.6,141.5,,33,2,4,103031,,1301,A,Casa,,"Calle Boulevard de los Volcanes Sur,N�mero exterior 1301,Fraccionamiento Cascatta II, Lomas de Angel�polis","$3,329,681.60 ",Patrimonio de gran valor y privacidad con el mejor acceso al Fray Jun�pero
2,Paseo de Orquídeas,Santiago de Quer�taro,4,Zakia,76269,1250,250,El Marqu�s,El Motivo,0,Horizontal,Quer�taro,156.8,85.2,,0,Q1,2,4,46948,,300,Depto 1,,,"Calle Paseo de Orquídeas,N�mero exterior 300,Fraccionamiento Zakia","$3,072,706.40 ",Patrimonio de gran valor y privacidad con el mejor acceso al Fray Jun�pero
2,Lago Osti�n,Quer�taro,4,Cumbres del Lago,76230,1800,250,Santa Rosa Jáuregui,Emma,44,Horizontal,Quer�taro,136.1,,,52.1,26,2,4,94658,,141,B,Casa,,"Lago Osti�n 141, Cumbres del Lago","$2,703,448.80 ","cluster �nico en la zona, caracterizado por su exclusividad"
2,Lago Osti�n,Quer�taro,4,Cumbres del Lago,76230,1800,250,Santa Rosa Jáuregui,Emma,44,Horizontal,Quer�taro,136.1,,,52.1,36,2,4,94658,,141,B,Casa,,"Lago Osti�n 141, Cumbres del Lago","$2,793,136.00 ","cluster �nico en la zona, caracterizado por su exclusividad"
2,Lago Osti�n,Quer�taro,4,Cumbres del Lago,76230,1410,250,Santa Rosa Jáuregui,Emma,75,Horizontal,Quer�taro,110.4,81.8,,,37,2,4,94658,,141,C,Casa,,"Lago Osti�n 141, Cumbres del Lago","$3,041,606.40 ","cluster �nico en la zona, caracterizado por su exclusividad"
2,Lago Osti�n,Quer�taro,4,Cumbres del Lago,76230,1990,250,Santa Rosa Jáuregui,Emma,44,Horizontal,Quer�taro,148.6,,,43.69,38,2,4,94658,,141,D,Casa,,"Lago Osti�n 141, Cumbres del Lago","$2,960,055.20 ","cluster �nico en la zona, caracterizado por su exclusividad"
2,Lago Osti�n,Quer�taro,4,Cumbres del Lago,76230,1960,250,Santa Rosa Jáuregui,Emma,136,Horizontal,Quer�taro,146.7,,,63.33,42,2,4,94658,,141,F,Casa,,"Lago Osti�n 141, Cumbres del Lago","$3,080,500.80 ","cluster �nico en la zona, caracterizado por su exclusividad"
2,Lago Osti�n,Quer�taro,4,Cumbres del Lago,76230,1410,250,Santa Rosa Jáuregui,Emma,136,Horizontal,Quer�taro,110.4,81.3,,,43,2,4,94658,,141,C,Casa,,"Lago Osti�n 141, Cumbres del Lago","$3,116,087.20 ","cluster �nico en la zona, caracterizado por su exclusividad"
2,Lago Osti�n,Quer�taro,4,Cumbres del Lago,76230,1990,250,Santa Rosa Jáuregui,Emma,136,Horizontal,Quer�taro,148.6,,,43.69,44,2,4,94658,,141,D,Casa,,"Lago Osti�n 141, Cumbres del Lago","$3,055,102.40 ","cluster �nico en la zona, caracterizado por su exclusividad"
2,Lago Osti�n,Quer�taro,4,Cumbres del Lago,76230,1990,250,Santa Rosa Jáuregui,Emma,136,Horizontal,Quer�taro,148.6,,,43.69,46,2,4,94658,,141,D,Casa,,"Lago Osti�n 141, Cumbres del Lago","$3,055,102.40 ","cluster �nico en la zona, caracterizado por su exclusividad"
2,Lago Osti�n,Quer�taro,4,Cumbres del Lago,76230,1490,250,Santa Rosa Jáuregui,Emma,166,Horizontal,Quer�taro,115.2,108.4,,,47,2,4,94658,,141,A,Casa,,"Lago Osti�n 141, Cumbres del Lago","$3,345,446.42 ","cluster �nico en la zona, caracterizado por su exclusividad"
2,Lago Osti�n,Quer�taro,4,Cumbres del Lago,76230,1960,250,Santa Rosa Jáuregui,Emma,166,Horizontal,Quer�taro,146.7,,,63.33,50,2,4,94658,,141,F,Casa,,"Lago Osti�n 141, Cumbres del Lago","$3,080,500.80 ","cluster �nico en la zona, caracterizado por su exclusividad"
2,Lago Osti�n,Quer�taro,4,Cumbres del Lago,76230,1800,250,Santa Rosa Jáuregui,Emma,75,Horizontal,Quer�taro,136.1,,,52.1,52,2,4,94658,,141,B,Casa,,"Lago Osti�n 141, Cumbres del Lago","$2,793,136.00 ","cluster �nico en la zona, caracterizado por su exclusividad"
2,Lago Osti�n,Quer�taro,4,Cumbres del Lago,76230,1800,250,Santa Rosa Jáuregui,Emma,75,Horizontal,Quer�taro,136.1,,,52.1,54,2,4,94658,,141,B,Casa,,"Lago Osti�n 141, Cumbres del Lago","$2,793,136.00 ","cluster �nico en la zona, caracterizado por su exclusividad"
2,Lago Osti�n,Quer�taro,4,Cumbres del Lago,76230,1960,250,Santa Rosa Jáuregui,Emma,44,Horizontal,Quer�taro,146.7,,,63.33,58,2,4,94658,,141,F,Casa,,"Lago Osti�n 141, Cumbres del Lago","$2,888,825.23 ","cluster �nico en la zona, caracterizado por su exclusividad"
2,Lago Osti�n,Quer�taro,4,Cumbres del Lago,76230,1490,250,Santa Rosa Jáuregui,Emma,0,Horizontal,Quer�taro,115.2,77.4,,,73,2,4,94658,,141,A,Casa,,"Lago Osti�n 141, Cumbres del Lago","$3,175,848.22 ","cluster �nico en la zona, caracterizado por su exclusividad"
2,Circuito Jacaranda,Quer�taro,4,Zar�,76269,1500,300,El Marqu�s,Gran Motivo,0,Horizontal,Quer�taro,110.4,72.6,,,7,2,4,2088,,951,C,Casa,,"Circuito Jacaranda 951, Zar�","$2,722,216.00 ","Gran Motivo de Grupo CAISA es un desarrollo ubicado en el coraz�n de Quer�taro Moderno. Las casas de 1 nivel con jard�n o de 2 niveles con amplias terrazas, ideales para vivir por sus acabados de alta calidad y extraordinarias amenidades, tiene 2 accesos r�pidos y seguros en la zona de mayor crecimiento planeado."
2,Circuito Jacaranda,Quer�taro,4,Zar�,76269,1500,300,El Marqu�s,Gran Motivo,0,Horizontal,Quer�taro,115.2,119.9,,,23,2,4,2088,,951,A,Casa,,"Circuito Jacaranda 951, Zar�","$2,945,768.00 ","Gran Motivo de Grupo CAISA es un desarrollo ubicado en el coraz�n de Quer�taro Moderno. Las casas de 1 nivel con jard�n o de 2 niveles con amplias terrazas, ideales para vivir por sus acabados de alta calidad y extraordinarias amenidades, tiene 2 accesos r�pidos y seguros en la zona de mayor crecimiento planeado."
2,Circuito Jacaranda,Quer�taro,4,Zar�,76269,1500,300,El Marqu�s,Gran Motivo,0,Horizontal,Quer�taro,110.4,71.2,,,33,2,4,2088,,951,C,Casa,,"Circuito Jacaranda 951, Zar�","$2,722,236.80 ","Gran Motivo de Grupo CAISA es un desarrollo ubicado en el coraz�n de Quer�taro Moderno. Las casas de 1 nivel con jard�n o de 2 niveles con amplias terrazas, ideales para vivir por sus acabados de alta calidad y extraordinarias amenidades, tiene 2 accesos r�pidos y seguros en la zona de mayor crecimiento planeado."
2,Circuito Jacaranda,Quer�taro,4,Zar�,76269,1500,300,El Marqu�s,Gran Motivo,44,Horizontal,Quer�taro,138.8,53.4,,,41,2,4,2088,,951,E,Casa,,"Circuito Jacaranda 951, Zar�","$2,899,550.40 ","Gran Motivo de Grupo CAISA es un desarrollo ubicado en el coraz�n de Quer�taro Moderno. Las casas de 1 nivel con jard�n o de 2 niveles con amplias terrazas, ideales para vivir por sus acabados de alta calidad y extraordinarias amenidades, tiene 2 accesos r�pidos y seguros en la zona de mayor crecimiento planeado."
2,Circuito Jacaranda,Quer�taro,4,Zar�,76269,1500,300,El Marqu�s,Gran Motivo,44,Horizontal,Quer�taro,138.8,72.1,,,45,2,4,2088,,951,E,Casa,,"Circuito Jacaranda 951, Zar�","$2,948,021.60 ","Gran Motivo de Grupo CAISA es un desarrollo ubicado en el coraz�n de Quer�taro Moderno. Las casas de 1 nivel con jard�n o de 2 niveles con amplias terrazas, ideales para vivir por sus acabados de alta calidad y extraordinarias amenidades, tiene 2 accesos r�pidos y seguros en la zona de mayor crecimiento planeado."
2,Circuito Jacaranda,Quer�taro,4,Zar�,76269,1500,300,El Marqu�s,Gran Motivo,105,Horizontal,Quer�taro,148.6,12.9,,,48,2,4,2088,,951,D,Casa,,"Circuito Jacaranda 951, Zar�","$2,722,652.00 ","Gran Motivo de Grupo CAISA es un desarrollo ubicado en el coraz�n de Quer�taro Moderno. Las casas de 1 nivel con jard�n o de 2 niveles con amplias terrazas, ideales para vivir por sus acabados de alta calidad y extraordinarias amenidades, tiene 2 accesos r�pidos y seguros en la zona de mayor crecimiento planeado."
2,Circuito Jacaranda,Quer�taro,4,Zar�,76269,1500,300,El Marqu�s,Gran Motivo,75,Horizontal,Quer�taro,110.4,73.6,,,49,2,4,2088,,951,C,Casa,,"Circuito Jacaranda 951, Zar�","$2,738,715.20 ","Gran Motivo de Grupo CAISA es un desarrollo ubicado en el coraz�n de Quer�taro Moderno. Las casas de 1 nivel con jard�n o de 2 niveles con amplias terrazas, ideales para vivir por sus acabados de alta calidad y extraordinarias amenidades, tiene 2 accesos r�pidos y seguros en la zona de mayor crecimiento planeado."
2,Circuito Jacaranda,Quer�taro,4,Zar�,76269,1500,300,El Marqu�s,Gran Motivo,75,Horizontal,Quer�taro,148.6,,,,50,2,4,2088,,951,D,Casa,,"Circuito Jacaranda 951, Zar�","$2,709,754.40 ","Gran Motivo de Grupo CAISA es un desarrollo ubicado en el coraz�n de Quer�taro Moderno. Las casas de 1 nivel con jard�n o de 2 niveles con amplias terrazas, ideales para vivir por sus acabados de alta calidad y extraordinarias amenidades, tiene 2 accesos r�pidos y seguros en la zona de mayor crecimiento planeado."
2,Circuito Jacaranda,Quer�taro,4,Zar�,76269,1500,300,El Marqu�s,Gran Motivo,75,Horizontal,Quer�taro,115.2,77.4,,,51,2,4,2088,,951,A,Casa,,"Circuito Jacaranda 951, Zar�","$2,778,692.80 ","Gran Motivo de Grupo CAISA es un desarrollo ubicado en el coraz�n de Quer�taro Moderno. Las casas de 1 nivel con jard�n o de 2 niveles con amplias terrazas, ideales para vivir por sus acabados de alta calidad y extraordinarias amenidades, tiene 2 accesos r�pidos y seguros en la zona de mayor crecimiento planeado."
2,Circuito Jacaranda,Quer�taro,4,Zar�,76269,1500,300,El Marqu�s,Gran Motivo,75,Horizontal,Quer�taro,136.1,,,,52,2,4,2088,,951,B,Casa,,"Circuito Jacaranda 951, Zar�","$2,511,372.80 ","Gran Motivo de Grupo CAISA es un desarrollo ubicado en el coraz�n de Quer�taro Moderno. Las casas de 1 nivel con jard�n o de 2 niveles con amplias terrazas, ideales para vivir por sus acabados de alta calidad y extraordinarias amenidades, tiene 2 accesos r�pidos y seguros en la zona de mayor crecimiento planeado."
2,Circuito Jacaranda,Quer�taro,4,Zar�,76269,1500,300,El Marqu�s,Gran Motivo,44,Horizontal,Quer�taro,146.7,,,,54,2,4,2088,,951,F,Casa,,"Circuito Jacaranda 951, Zar�","$2,769,200.00 ","Gran Motivo de Grupo CAISA es un desarrollo ubicado en el coraz�n de Quer�taro Moderno. Las casas de 1 nivel con jard�n o de 2 niveles con amplias terrazas, ideales para vivir por sus acabados de alta calidad y extraordinarias amenidades, tiene 2 accesos r�pidos y seguros en la zona de mayor crecimiento planeado."
2,Circuito Jacaranda,Quer�taro,4,Zar�,76269,1500,300,El Marqu�s,Gran Motivo,75,Horizontal,Quer�taro,110.4,73.6,,,55,2,4,2088,,951,C,Casa,,"Circuito Jacaranda 951, Zar�","$2,738,715.20 ","Gran Motivo de Grupo CAISA es un desarrollo ubicado en el coraz�n de Quer�taro Moderno. Las casas de 1 nivel con jard�n o de 2 niveles con amplias terrazas, ideales para vivir por sus acabados de alta calidad y extraordinarias amenidades, tiene 2 accesos r�pidos y seguros en la zona de mayor crecimiento planeado."
2,Circuito Jacaranda,Quer�taro,4,Zar�,76269,1500,300,El Marqu�s,Gran Motivo,75,Horizontal,Quer�taro,148.6,,,,56,2,4,2088,,951,D,Casa,,"Circuito Jacaranda 951, Zar�","$2,709,754.40 ","Gran Motivo de Grupo CAISA es un desarrollo ubicado en el coraz�n de Quer�taro Moderno. Las casas de 1 nivel con jard�n o de 2 niveles con amplias terrazas, ideales para vivir por sus acabados de alta calidad y extraordinarias amenidades, tiene 2 accesos r�pidos y seguros en la zona de mayor crecimiento planeado."
2,Circuito Jacaranda,Quer�taro,4,Zar�,76269,1500,300,El Marqu�s,Gran Motivo,75,Horizontal,Quer�taro,115.2,77.4,,,57,2,4,2088,,951,A,Casa,,"Circuito Jacaranda 951, Zar�","$2,778,692.80 ","Gran Motivo de Grupo CAISA es un desarrollo ubicado en el coraz�n de Quer�taro Moderno. Las casas de 1 nivel con jard�n o de 2 niveles con amplias terrazas, ideales para vivir por sus acabados de alta calidad y extraordinarias amenidades, tiene 2 accesos r�pidos y seguros en la zona de mayor crecimiento planeado."
2,Circuito Jacaranda,Quer�taro,4,Zar�,76269,1500,300,El Marqu�s,Gran Motivo,75,Horizontal,Quer�taro,136.1,,,,58,2,4,2088,,951,B,Casa,,"Circuito Jacaranda 951, Zar�","$2,511,372.80 ","Gran Motivo de Grupo CAISA es un desarrollo ubicado en el coraz�n de Quer�taro Moderno. Las casas de 1 nivel con jard�n o de 2 niveles con amplias terrazas, ideales para vivir por sus acabados de alta calidad y extraordinarias amenidades, tiene 2 accesos r�pidos y seguros en la zona de mayor crecimiento planeado."
2,Circuito Jacaranda,Quer�taro,4,Zar�,76269,1500,300,El Marqu�s,Gran Motivo,75,Horizontal,Quer�taro,146.7,,,,60,2,4,2088,,951,F,Casa,,"Circuito Jacaranda 951, Zar�","$2,769,200.00 ","Gran Motivo de Grupo CAISA es un desarrollo ubicado en el coraz�n de Quer�taro Moderno. Las casas de 1 nivel con jard�n o de 2 niveles con amplias terrazas, ideales para vivir por sus acabados de alta calidad y extraordinarias amenidades, tiene 2 accesos r�pidos y seguros en la zona de mayor crecimiento planeado."
2,Circuito Jacaranda,Quer�taro,4,Zar�,76269,1500,300,El Marqu�s,Gran Motivo,44,Horizontal,Quer�taro,136.1,,,,72,2,4,2088,,951,B,Casa,,"Circuito Jacaranda 951, Zar�","$2,511,372.80 ","Gran Motivo de Grupo CAISA es un desarrollo ubicado en el coraz�n de Quer�taro Moderno. Las casas de 1 nivel con jard�n o de 2 niveles con amplias terrazas, ideales para vivir por sus acabados de alta calidad y extraordinarias amenidades, tiene 2 accesos r�pidos y seguros en la zona de mayor crecimiento planeado."
2,Circuito Jacaranda,Quer�taro,4,Zar�,76269,1500,300,El Marqu�s,Gran Motivo,44,Horizontal,Quer�taro,138.8,53.4,,,73,2,4,2088,,951,E,Casa,,"Circuito Jacaranda 951, Zar�","$2,983,869.60 ","Gran Motivo de Grupo CAISA es un desarrollo ubicado en el coraz�n de Quer�taro Moderno. Las casas de 1 nivel con jard�n o de 2 niveles con amplias terrazas, ideales para vivir por sus acabados de alta calidad y extraordinarias amenidades, tiene 2 accesos r�pidos y seguros en la zona de mayor crecimiento planeado."
2,Circuito Jacaranda,Quer�taro,4,Zar�,76269,1500,300,El Marqu�s,Gran Motivo,44,Horizontal,Quer�taro,110.4,73.5,,,75,2,4,2088,,951,C,Casa,,"Circuito Jacaranda 951, Zar�","$2,738,715.20 ","Gran Motivo de Grupo CAISA es un desarrollo ubicado en el coraz�n de Quer�taro Moderno. Las casas de 1 nivel con jard�n o de 2 niveles con amplias terrazas, ideales para vivir por sus acabados de alta calidad y extraordinarias amenidades, tiene 2 accesos r�pidos y seguros en la zona de mayor crecimiento planeado."
2,Circuito Jacaranda,Quer�taro,4,Zar�,76269,1500,300,El Marqu�s,Gran Motivo,44,Horizontal,Quer�taro,138.8,71.8,,,77,2,4,2088,,951,E,Casa,,"Circuito Jacaranda 951, Zar�","$2,948,021.60 ","Gran Motivo de Grupo CAISA es un desarrollo ubicado en el coraz�n de Quer�taro Moderno. Las casas de 1 nivel con jard�n o de 2 niveles con amplias terrazas, ideales para vivir por sus acabados de alta calidad y extraordinarias amenidades, tiene 2 accesos r�pidos y seguros en la zona de mayor crecimiento planeado."
2,Avenida Quetzal,Quer�taro,4,Nuevo Refugio,76237,1913.48,300,Epigmenio González,Melodía,75,Horizontal,Quer�taro,151.1,28.1,138.6,,37,2,4,23,,13101,B,Casa,,"Avenida Quetzal 13101, Nuevo Refugio","$3,149,437.60 ",Patrimonio de gran valor y privacidad con el mejor acceso al Fray Jun�pero
2,Avenida Quetzal,Quer�taro,4,Nuevo Refugio,76237,2286.33,300,Epigmenio González,Melodía,75,Horizontal,Quer�taro,180.6,25.2,151,,39,2,4,23,,13101,D,Casa,,"Avenida Quetzal 13101, Nuevo Refugio","$3,797,179.20 ",Patrimonio de gran valor y privacidad con el mejor acceso al Fray Jun�pero
2,Avenida Quetzal,Quer�taro,4,Nuevo Refugio,76237,1913.48,300,Epigmenio González,Melodía,75,Horizontal,Quer�taro,151.1,25.1,108.8,,43,2,4,23,,13101,B,Casa,,"Avenida Quetzal 13101, Nuevo Refugio","$3,081,883.20 ",Patrimonio de gran valor y privacidad con el mejor acceso al Fray Jun�pero
2,Avenida Quetzal,Quer�taro,4,Nuevo Refugio,76237,2093.26,300,Epigmenio González,Melodía,75,Horizontal,Quer�taro,165.3,22.3,113.6,,45,2,4,23,,13101,C,Casa,,"Avenida Quetzal 13101, Nuevo Refugio","$3,297,884.00 ",Patrimonio de gran valor y privacidad con el mejor acceso al Fray Jun�pero
2,Avenida Quetzal,Quer�taro,4,Nuevo Refugio,76237,1537.85,300,Epigmenio González,Melodía,75,Horizontal,Quer�taro,121.5,23.5,91.5,,46,2,4,23,,13101,A,Casa,,"Avenida Quetzal 13101, Nuevo Refugio","$2,683,439.20 ",Patrimonio de gran valor y privacidad con el mejor acceso al Fray Jun�pero
2,Avenida Quetzal,Quer�taro,4,Nuevo Refugio,76237,1537.85,300,Epigmenio González,Melodía,44,Horizontal,Quer�taro,121.5,27.8,126.1,,47,2,4,23,,13101,A,Casa,,"Avenida Quetzal 13101, Nuevo Refugio","$2,672,668.80 ",Patrimonio de gran valor y privacidad con el mejor acceso al Fray Jun�pero
2,Avenida Quetzal,Quer�taro,4,Nuevo Refugio,76237,1537.85,300,Epigmenio González,Melodía,44,Horizontal,Quer�taro,121.5,28.2,126.1,,49,2,4,23,,13101,A,Casa,,"Avenida Quetzal 13101, Nuevo Refugio","$2,694,050.40 ",Patrimonio de gran valor y privacidad con el mejor acceso al Fray Jun�pero
2,Avenida Quetzal,Quer�taro,3,Nuevo Refugio,76237,2286.33,300,Epigmenio González,Melodía,44,Horizontal,Quer�taro,180.6,21.6,150.8,,51,2,3,23,,13101,D,Casa,,"Avenida Quetzal 13101, Nuevo Refugio","$3,594,724.80 ",Patrimonio de gran valor y privacidad con el mejor acceso al Fray Jun�pero
2,Avenida Quetzal,Quer�taro,4,Nuevo Refugio,76237,2093.26,300,Epigmenio González,Melodía,44,Horizontal,Quer�taro,165.3,22.3,152.2,,54,2,4,23,,13101,C,Casa,,"Avenida Quetzal 13101, Nuevo Refugio","$3,297,884.00 ",Patrimonio de gran valor y privacidad con el mejor acceso al Fray Jun�pero
2,Avenida Quetzal,Quer�taro,4,Nuevo Refugio,76237,2286.33,300,Epigmenio González,Melodía,44,Horizontal,Quer�taro,180.6,21.6,150.8,,57,2,4,23,,13101,D,Casa,,"Avenida Quetzal 13101, Nuevo Refugio","$3,506,908.00 ",Patrimonio de gran valor y privacidad con el mejor acceso al Fray Jun�pero
1,Avenida Quetzal,Quer�taro,2,Nuevo Refugio,76237,1203.11,300,Epigmenio González,Melodía,166,Horizontal,Quer�taro,95.2,22.4,,7.22,D102,1,2,23,1.02,13101,DEPARTAMENTO A1,Departamento,Torre D,"Avenida Quetzal 13101, Nuevo Refugio","$2,317,536.00 ",Patrimonio de gran valor y privacidad con el mejor acceso al Fray Jun�pero
2,Avenida Quetzal,Quer�taro,2,Nuevo Refugio,76237,1442.26,300,Epigmenio González,Melodía,166,Horizontal,Quer�taro,113.9,44.9,,,D101,1,2,23,1.01,13101,DEPARTAMENTO B,Departamento,Torre D,"Avenida Quetzal 13101, Nuevo Refugio","$2,798,993.60 ",Patrimonio de gran valor y privacidad con el mejor acceso al Fray Jun�pero
1,Avenida Quetzal,Quer�taro,4,Nuevo Refugio,76237,1222.73,300,Epigmenio González,Melodía,166,Horizontal,Quer�taro,96.5,,,45.16,D301,2,4,23,3.01,13101,DEPARTAMENTO A3,Departamento,Torre D,"Avenida Quetzal 13101, Nuevo Refugio","$2,365,156.80 ",Patrimonio de gran valor y privacidad con el mejor acceso al Fray Jun�pero
1,Avenida Quetzal,Quer�taro,2,Nuevo Refugio,76237,1203.11,300,Epigmenio González,Melodía,105,Horizontal,Quer�taro,95.3,13.6,,7.22,E102,1,2,23,1.02,13101,DEPARTAMENTO A1,Departamento,Torre E,"Avenida Quetzal 13101, Nuevo Refugio","$2,267,197.60 ",Patrimonio de gran valor y privacidad con el mejor acceso al Fray Jun�pero
2,Avenida Quetzal,Quer�taro,2,Nuevo Refugio,76237,1442.26,300,Epigmenio González,Melodía,105,Horizontal,Quer�taro,113.9,35.2,,,E101,1,2,23,1.01,13101,DEPARTAMENTO B,Departamento,Torre E,"Avenida Quetzal 13101, Nuevo Refugio","$2,859,439.20 ",Patrimonio de gran valor y privacidad con el mejor acceso al Fray Jun�pero
1,Avenida Quetzal,Quer�taro,4,Nuevo Refugio,76237,1222.73,300,Epigmenio González,Melodía,136,Horizontal,Quer�taro,96.4,,,45.16,E301,2,4,23,3.01,13101,DEPARTAMENTO A3,Departamento,Torre E,"Avenida Quetzal 13101, Nuevo Refugio","$2,302,916.80 ",Patrimonio de gran valor y privacidad con el mejor acceso al Fray Jun�pero
2,Avenida Quetzal,Quer�taro,2,Nuevo Refugio,76237,1807.39,300,Epigmenio González,Melodía,197,Horizontal,Quer�taro,149.9,,,26.88,C201,1,2,23,2.01,13101,DEPARTAMENTO D,Departamento,Torre C,"Avenida Quetzal 13101, Nuevo Refugio","$2,959,804.80 ",Patrimonio de gran valor y privacidad con el mejor acceso al Fray Jun�pero
1,Avenida Quetzal,Quer�taro,2,Nuevo Refugio,76237,1203.11,300,Epigmenio González,Melodía,166,Horizontal,Quer�taro,94.9,,,6.32,D202,1,2,23,2.02,13101,DEPARTAMENTO A2,Departamento,Torre D,"Avenida Quetzal 13101, Nuevo Refugio","$2,194,539.20 ",Patrimonio de gran valor y privacidad con el mejor acceso al Fray Jun�pero
2,Avenida Quetzal,Quer�taro,2,Nuevo Refugio,76237,1807.39,300,Epigmenio González,Melodía,166,Horizontal,Quer�taro,142.8,,,43.23,D201,1,2,23,2.01,13101,DEPARTAMENTO C,Departamento,Torre D,"Avenida Quetzal 13101, Nuevo Refugio","$3,062,268.80 ",Patrimonio de gran valor y privacidad con el mejor acceso al Fray Jun�pero
2,Av. Cayuco,Santiago de Quer�taro,2,Zibatá II,76269,2250,600,El Marqu�s,Nazca Lofts & Apartments,44,Subvertical,Quer�taro,107,,,32.83,A505,1,2,22948,5.5,,DEPARTAMENTO A,Departamento,Torre A,"Avenida Quetzal 13101, Nuevo Refugio","$3,041,012.00 ","El proyecto Nazca Nea de Grupo Caisa ofrece casas de 2 niveles con amenidades exclusivas, rodeadas de parques, �reas comerciales y colegios dentro de Zibat�. Disfruta de una vivienda moderna y segura colmada de confort, en una ubicaci�n estrat�gica y llena de ventajas."
2,Av. Cayuco,Santiago de Quer�taro,2,Zibatá II,76269,2250,600,El Marqu�s,Nazca Lofts & Apartments,44,Subvertical,Quer�taro,107,,,32.83,A506,1,2,22948,5.6,,DEPARTAMENTO A,Departamento,Torre A,"Av. Cayuco, Zibata II","$3,041,012.00 ","El proyecto Nazca Nea de Grupo Caisa ofrece casas de 2 niveles con amenidades exclusivas, rodeadas de parques, �reas comerciales y colegios dentro de Zibat�. Disfruta de una vivienda moderna y segura colmada de confort, en una ubicaci�n estrat�gica y llena de ventajas."
2,Av. Cayuco,Santiago de Quer�taro,2,Zibatá II,76269,2250,600,El Marqu�s,Nazca Lofts & Apartments,44,Subvertical,Quer�taro,214.3,,,63.65,A502,1,2,22948,5.2,,DEPARTAMENTO C1,Departamento,Torre A,"Av. Cayuco, Zibata II","$4,366,468.80 ","El proyecto Nazca Nea de Grupo Caisa ofrece casas de 2 niveles con amenidades exclusivas, rodeadas de parques, �reas comerciales y colegios dentro de Zibat�. Disfruta de una vivienda moderna y segura colmada de confort, en una ubicaci�n estrat�gica y llena de ventajas."
1,Av. Cayuco,Santiago de Quer�taro,2,Zibatá II,76269,2250,600,El Marqu�s,Nazca Lofts & Apartments,75,Subvertical,Quer�taro,74.2,,,,B206,1,2,22948,2.6,,DEPARTAMENTO A,Departamento,Torre B,"Av. Cayuco, Zibata II","$2,116,012.80 ","El proyecto Nazca Nea de Grupo Caisa ofrece casas de 2 niveles con amenidades exclusivas, rodeadas de parques, �reas comerciales y colegios dentro de Zibat�. Disfruta de una vivienda moderna y segura colmada de confort, en una ubicaci�n estrat�gica y llena de ventajas."
2,Av. Cayuco,Santiago de Quer�taro,2,Zibatá II,76269,2250,600,El Marqu�s,Nazca Lofts & Apartments,105,Subvertical,Quer�taro,74.2,,,,B405,1,2,22948,4.5,,DEPARTAMENTO A,Departamento,Torre B,"Av. Cayuco, Zibata II","$2,140,012.80 ","El proyecto Nazca Nea de Grupo Caisa ofrece casas de 2 niveles con amenidades exclusivas, rodeadas de parques, �reas comerciales y colegios dentro de Zibat�. Disfruta de una vivienda moderna y segura colmada de confort, en una ubicaci�n estrat�gica y llena de ventajas."
1,Av. Cayuco,Santiago de Quer�taro,2,Zibatá II,76269,2250,600,El Marqu�s,Nazca Lofts & Apartments,105,Subvertical,Quer�taro,74.2,,,,B406,1,2,22948,4.6,,DEPARTAMENTO A,Departamento,Torre B,"Av. Cayuco, Zibata II","$2,141,612.80 ","El proyecto Nazca Nea de Grupo Caisa ofrece casas de 2 niveles con amenidades exclusivas, rodeadas de parques, �reas comerciales y colegios dentro de Zibat�. Disfruta de una vivienda moderna y segura colmada de confort, en una ubicaci�n estrat�gica y llena de ventajas."
2,Av. Cayuco,Santiago de Quer�taro,2,Zibatá II,76269,2250,600,El Marqu�s,Nazca Lofts & Apartments,197,Subvertical,Quer�taro,107,,,32.83,B505,1,2,22948,5.5,,DEPARTAMENTO A,Departamento,Torre B,"Av. Cayuco, Zibata II","$3,072,340.80 ","El proyecto Nazca Nea de Grupo Caisa ofrece casas de 2 niveles con amenidades exclusivas, rodeadas de parques, �reas comerciales y colegios dentro de Zibat�. Disfruta de una vivienda moderna y segura colmada de confort, en una ubicaci�n estrat�gica y llena de ventajas."
2,Av. Cayuco,Santiago de Quer�taro,2,Zibatá II,76269,2250,600,El Marqu�s,Nazca Lofts & Apartments,166,Subvertical,Quer�taro,107,,,32.83,B506,1,2,22948,5.6,,DEPARTAMENTO A,Departamento,Torre B,"Av. Cayuco, Zibata II","$3,072,340.80 ","El proyecto Nazca Nea de Grupo Caisa ofrece casas de 2 niveles con amenidades exclusivas, rodeadas de parques, �reas comerciales y colegios dentro de Zibat�. Disfruta de una vivienda moderna y segura colmada de confort, en una ubicaci�n estrat�gica y llena de ventajas."
2,Av. Cayuco,Santiago de Quer�taro,2,Zibatá II,76269,2250,600,El Marqu�s,Nazca Lofts & Apartments,75,Subvertical,Quer�taro,112.4,29.3,,,B104,1,2,22948,1.4,,DEPARTAMENTO B,Departamento,Torre B,"Av. Cayuco, Zibata II","$3,219,714.66 ","El proyecto Nazca Nea de Grupo Caisa ofrece casas de 2 niveles con amenidades exclusivas, rodeadas de parques, �reas comerciales y colegios dentro de Zibat�. Disfruta de una vivienda moderna y segura colmada de confort, en una ubicaci�n estrat�gica y llena de ventajas."
2,Av. Cayuco,Santiago de Quer�taro,2,Zibatá II,76269,2250,600,El Marqu�s,Nazca Lofts & Apartments,166,Subvertical,Quer�taro,214.3,,,63.65,B502,1,2,22948,5.2,,DEPARTAMENTO C1,Departamento,Torre B,"Av. Cayuco, Zibata II","$4,530,636.80 ","El proyecto Nazca Nea de Grupo Caisa ofrece casas de 2 niveles con amenidades exclusivas, rodeadas de parques, �reas comerciales y colegios dentro de Zibat�. Disfruta de una vivienda moderna y segura colmada de confort, en una ubicaci�n estrat�gica y llena de ventajas."
2,Av. Cayuco,Santiago de Quer�taro,2,Zibatá II,76269,2250,600,El Marqu�s,Nazca Lofts & Apartments,166,Subvertical,Quer�taro,199.1,,,69.14,B501,1,2,22948,5.1,,DEPARTAMENTO C,Departamento,Torre B,"Av. Cayuco, Zibata II","$4,703,397.60 ","El proyecto Nazca Nea de Grupo Caisa ofrece casas de 2 niveles con amenidades exclusivas, rodeadas de parques, �reas comerciales y colegios dentro de Zibat�. Disfruta de una vivienda moderna y segura colmada de confort, en una ubicaci�n estrat�gica y llena de ventajas."
2,Av. Cayuco,Santiago de Quer�taro,2,Zibatá II,76269,2250,600,El Marqu�s,Nazca Lofts & Apartments,623,Subvertical,Quer�taro,74.2,,,,C306,1,2,22948,3.6,,DEPARTAMENTO A,Departamento,Torre C,"Av. Cayuco, Zibata II","$2,306,404.00 ","El proyecto Nazca Nea de Grupo Caisa ofrece casas de 2 niveles con amenidades exclusivas, rodeadas de parques, �reas comerciales y colegios dentro de Zibat�. Disfruta de una vivienda moderna y segura colmada de confort, en una ubicaci�n estrat�gica y llena de ventajas."
2,Av. Cayuco,Santiago de Quer�taro,2,Zibatá II,76269,2250,600,El Marqu�s,Nazca Lofts & Apartments,562,Subvertical,Quer�taro,81.2,27.9,,,C107,1,2,22948,1.7,,DEPARTAMENTO A1,Departamento,Torre C,"Av. Cayuco, Zibata II","$2,602,768.56 ","El proyecto Nazca Nea de Grupo Caisa ofrece casas de 2 niveles con amenidades exclusivas, rodeadas de parques, �reas comerciales y colegios dentro de Zibat�. Disfruta de una vivienda moderna y segura colmada de confort, en una ubicaci�n estrat�gica y llena de ventajas."
2,Av. Cayuco,Santiago de Quer�taro,2,Zibatá II,76269,2250,600,El Marqu�s,Nazca Lofts & Apartments,593,Subvertical,Quer�taro,112.4,,,,C204,1,2,22948,2.4,,DEPARTAMENTO B,Departamento,Torre C,"Av. Cayuco, Zibata II","$2,885,912.00 ","El proyecto Nazca Nea de Grupo Caisa ofrece casas de 2 niveles con amenidades exclusivas, rodeadas de parques, �reas comerciales y colegios dentro de Zibat�. Disfruta de una vivienda moderna y segura colmada de confort, en una ubicaci�n estrat�gica y llena de ventajas."
2,Av. Cayuco,Santiago de Quer�taro,2,Zibatá II,76269,2250,600,El Marqu�s,Nazca Lofts & Apartments,746,Subvertical,Quer�taro,145.7,,,53.21,C504,1,2,22948,5.4,,DEPARTAMENTO B,Departamento,Torre C,"Av. Cayuco, Zibata II","$3,765,543.20 ","El proyecto Nazca Nea de Grupo Caisa ofrece casas de 2 niveles con amenidades exclusivas, rodeadas de parques, �reas comerciales y colegios dentro de Zibat�. Disfruta de una vivienda moderna y segura colmada de confort, en una ubicaci�n estrat�gica y llena de ventajas."
2,Av. Cayuco,Santiago de Quer�taro,2,Zibatá II,76269,2250,600,El Marqu�s,Nazca Lofts & Apartments,715,Subvertical,Quer�taro,214.3,,,63.65,C502,1,2,22948,5.2,,DEPARTAMENTO C1,Departamento,Torre C,"Av. Cayuco, Zibata II","$4,847,495.20 ","El proyecto Nazca Nea de Grupo Caisa ofrece casas de 2 niveles con amenidades exclusivas, rodeadas de parques, �reas comerciales y colegios dentro de Zibat�. Disfruta de una vivienda moderna y segura colmada de confort, en una ubicaci�n estrat�gica y llena de ventajas."
2,Av. Cayuco,Santiago de Quer�taro,2,Zibatá II,76269,2250,600,El Marqu�s,Nazca Lofts & Apartments,593,Subvertical,Quer�taro,149.4,,,,C207,1,2,22948,2.7,,DEPARTAMENTO C,Departamento,Torre C,"Av. Cayuco, Zibata II","$3,472,517.60 ","El proyecto Nazca Nea de Grupo Caisa ofrece casas de 2 niveles con amenidades exclusivas, rodeadas de parques, �reas comerciales y colegios dentro de Zibat�. Disfruta de una vivienda moderna y segura colmada de confort, en una ubicaci�n estrat�gica y llena de ventajas."
2,Av. Cayuco,Santiago de Quer�taro,2,Zibatá II,76269,2250,600,El Marqu�s,Nazca Lofts & Apartments,746,Subvertical,Quer�taro,199.1,,,69.14,C507,1,2,22948,5.7,,DEPARTAMENTO C,Departamento,Torre C,"Av. Cayuco, Zibata II","$4,544,061.60 ","El proyecto Nazca Nea de Grupo Caisa ofrece casas de 2 niveles con amenidades exclusivas, rodeadas de parques, �reas comerciales y colegios dentro de Zibat�. Disfruta de una vivienda moderna y segura colmada de confort, en una ubicaci�n estrat�gica y llena de ventajas."
2,Av. Cayuco,Santiago de Quer�taro,3,Zibatá II,76269,1900,600,El Marqu�s,Nazca Munay,44,Horizontal,Quer�taro,136.1,,,58,30,2,3,22948,,,B,Casa,,"Av. Cayuco, Zibata II","$2,586,964.00 ","El proyecto Nazca Nea de Grupo Caisa ofrece casas de 2 niveles con amenidades exclusivas, rodeadas de parques, �reas comerciales y colegios dentro de Zibat�. Disfruta de una vivienda moderna y segura colmada de confort, en una ubicaci�n estrat�gica y llena de ventajas."
2,Av. Cayuco,Santiago de Quer�taro,4,Zibatá II,76269,1900,600,El Marqu�s,Nazca Munay,44,Horizontal,Quer�taro,148.7,,,46,32,2,4,22948,,,D,Casa,,"Av. Cayuco, Zibata II","$2,686,253.60 ","El proyecto Nazca Nea de Grupo Caisa ofrece casas de 2 niveles con amenidades exclusivas, rodeadas de parques, �reas comerciales y colegios dentro de Zibat�. Disfruta de una vivienda moderna y segura colmada de confort, en una ubicaci�n estrat�gica y llena de ventajas."
2,Av. Cayuco,Santiago de Quer�taro,4,Zibatá II,76269,1900,600,El Marqu�s,Nazca Munay,44,Horizontal,Quer�taro,146.7,,,68,50,2,4,22948,,,F,Casa,,"Av. Cayuco, Zibata II","$2,835,188.80 ","El proyecto Nazca Nea de Grupo Caisa ofrece casas de 2 niveles con amenidades exclusivas, rodeadas de parques, �reas comerciales y colegios dentro de Zibat�. Disfruta de una vivienda moderna y segura colmada de confort, en una ubicaci�n estrat�gica y llena de ventajas."
2,Av. Cayuco,Santiago de Quer�taro,4,Zibatá II,76269,1900,600,El Marqu�s,Nazca Munay,44,Horizontal,Quer�taro,146.7,,,68,56,2,4,22948,,,F,Casa,,"Av. Cayuco, Zibata II","$2,835,188.80 ","El proyecto Nazca Nea de Grupo Caisa ofrece casas de 2 niveles con amenidades exclusivas, rodeadas de parques, �reas comerciales y colegios dentro de Zibat�. Disfruta de una vivienda moderna y segura colmada de confort, en una ubicaci�n estrat�gica y llena de ventajas."
2,Av. Cayuco,Santiago de Quer�taro,3,Zibatá II,76269,1900,600,El Marqu�s,Nazca Munay,44,Horizontal,Quer�taro,110.5,141.6,,,77,2,3,22948,,,C,Casa,,"Av. Cayuco, Zibata II","$2,890,708.80 ","El proyecto Nazca Nea de Grupo Caisa ofrece casas de 2 niveles con amenidades exclusivas, rodeadas de parques, �reas comerciales y colegios dentro de Zibat�. Disfruta de una vivienda moderna y segura colmada de confort, en una ubicaci�n estrat�gica y llena de ventajas."
2,Av. Cayuco,Santiago de Quer�taro,4,Zibatá II,76269,1900,600,El Marqu�s,Nazca Munay,44,Horizontal,Quer�taro,146.7,16.1,,68,82,2,4,22948,,,F,Casa,,"Av. Cayuco, Zibata II","$2,812,326.30 ","El proyecto Nazca Nea de Grupo Caisa ofrece casas de 2 niveles con amenidades exclusivas, rodeadas de parques, �reas comerciales y colegios dentro de Zibat�. Disfruta de una vivienda moderna y segura colmada de confort, en una ubicaci�n estrat�gica y llena de ventajas."
2,Av. Cayuco,Santiago de Quer�taro,4,Zibatá II,76269,1850,600,El Marqu�s,Nazca Nea,44,Horizontal,Quer�taro,165.3,26,152,,45,2,4,22948,,,C,Casa,,"Av. Cayuco, Zibata II","$3,295,768.00 ","El proyecto Nazca Nea de Grupo Caisa ofrece casas de 2 niveles con amenidades exclusivas, rodeadas de parques, �reas comerciales y colegios dentro de Zibat�. Disfruta de una vivienda moderna y segura colmada de confort, en una ubicaci�n estrat�gica y llena de ventajas."
2,Av. Cayuco,Santiago de Quer�taro,4,Zibatá II,76269,1850,600,El Marqu�s,Nazca Nea,166,Horizontal,Quer�taro,165.3,26,152,,66,2,4,22948,,,C,Casa,,"Av. Cayuco, Zibata II","$3,376,277.60 ","El proyecto Nazca Nea de Grupo Caisa ofrece casas de 2 niveles con amenidades exclusivas, rodeadas de parques, �reas comerciales y colegios dentro de Zibat�. Disfruta de una vivienda moderna y segura colmada de confort, en una ubicaci�n estrat�gica y llena de ventajas."
2,Av. Cayuco,Santiago de Quer�taro,3,Zibatá II,76269,1850,600,El Marqu�s,Nazca Nea,197,Horizontal,Quer�taro,205.8,31.4,160,,68,2,3,22948,,,B,Casa,,"Av. Cayuco, Zibata II","$3,918,114.40 ","El proyecto Nazca Nea de Grupo Caisa ofrece casas de 2 niveles con amenidades exclusivas, rodeadas de parques, �reas comerciales y colegios dentro de Zibat�. Disfruta de una vivienda moderna y segura colmada de confort, en una ubicaci�n estrat�gica y llena de ventajas."
2,Av. Cayuco,Santiago de Quer�taro,3,Zibatá II,76269,1850,600,El Marqu�s,Nazca Nea,197,Horizontal,Quer�taro,165.3,60.3,188.7,,70,2,3,22948,,,C,Casa,,"Av. Cayuco, Zibata II","$3,595,611.34 ","El proyecto Nazca Nea de Grupo Caisa ofrece casas de 2 niveles con amenidades exclusivas, rodeadas de parques, �reas comerciales y colegios dentro de Zibat�. Disfruta de una vivienda moderna y segura colmada de confort, en una ubicaci�n estrat�gica y llena de ventajas."
2,Av. Cayuco,Santiago de Quer�taro,3,Zibatá II,76269,1850,600,El Marqu�s,Nazca Nea,197,Horizontal,Quer�taro,205.8,110.6,245.1,,71,2,3,22948,,,B,Casa,,"Av. Cayuco, Zibata II","$4,175,448.80 ","El proyecto Nazca Nea de Grupo Caisa ofrece casas de 2 niveles con amenidades exclusivas, rodeadas de parques, �reas comerciales y colegios dentro de Zibat�. Disfruta de una vivienda moderna y segura colmada de confort, en una ubicaci�n estrat�gica y llena de ventajas."
2,Av. Cayuco,Santiago de Quer�taro,4,Zibatá II,76269,1850,600,El Marqu�s,Nazca Nea,197,Horizontal,Quer�taro,121,30.1,126.4,,73,2,4,22948,,,A,Casa,,"Av. Cayuco, Zibata II","$2,871,514.40 ","El proyecto Nazca Nea de Grupo Caisa ofrece casas de 2 niveles con amenidades exclusivas, rodeadas de parques, �reas comerciales y colegios dentro de Zibat�. Disfruta de una vivienda moderna y segura colmada de confort, en una ubicaci�n estrat�gica y llena de ventajas."
2,Av. Cayuco,Santiago de Quer�taro,4,Zibatá II,76269,1850,600,El Marqu�s,Nazca Nea,44,Horizontal,Quer�taro,165.3,26,152,,100,2,4,22948,,,C,Casa,,"Av. Cayuco, Zibata II","$3,317,676.80 ","El proyecto Nazca Nea de Grupo Caisa ofrece casas de 2 niveles con amenidades exclusivas, rodeadas de parques, �reas comerciales y colegios dentro de Zibat�. Disfruta de una vivienda moderna y segura colmada de confort, en una ubicaci�n estrat�gica y llena de ventajas."
2,Av. Cayuco,Santiago de Quer�taro,4,Zibatá II,76269,1850,600,El Marqu�s,Nazca Nea,105,Horizontal,Quer�taro,154.4,15.1,122.4,,112,2,4,22948,,,A1,Casa,,"Av. Cayuco, Zibata II","$2,955,274.55 ","El proyecto Nazca Nea de Grupo Caisa ofrece casas de 2 niveles con amenidades exclusivas, rodeadas de parques, �reas comerciales y colegios dentro de Zibat�. Disfruta de una vivienda moderna y segura colmada de confort, en una ubicaci�n estrat�gica y llena de ventajas."
2,Av. Cayuco,Santiago de Quer�taro,4,Zibatá II,76269,1850,600,El Marqu�s,Nazca Nea,258,Horizontal,Quer�taro,174,28.4,152.1,,115,2,4,22948,,,C1,Casa,,"Av. Cayuco, Zibata II","$3,505,419.20 ","El proyecto Nazca Nea de Grupo Caisa ofrece casas de 2 niveles con amenidades exclusivas, rodeadas de parques, �reas comerciales y colegios dentro de Zibat�. Disfruta de una vivienda moderna y segura colmada de confort, en una ubicaci�n estrat�gica y llena de ventajas."
2,Av. Cayuco,Santiago de Quer�taro,4,Zibatá II,76269,1850,600,El Marqu�s,Nazca Nea,289,Horizontal,Quer�taro,174,28.4,152.1,,117,2,4,22948,,,C1,Casa,,"Av. Cayuco, Zibata II","$3,505,419.20 ","El proyecto Nazca Nea de Grupo Caisa ofrece casas de 2 niveles con amenidades exclusivas, rodeadas de parques, �reas comerciales y colegios dentro de Zibat�. Disfruta de una vivienda moderna y segura colmada de confort, en una ubicaci�n estrat�gica y llena de ventajas."
2,Av. Cayuco,Santiago de Quer�taro,3,Zibatá II,76269,1850,600,El Marqu�s,Nazca Nea,289,Horizontal,Quer�taro,154.4,15.1,122.4,,118,2,3,22948,,,A1,Casa,,"Av. Cayuco, Zibata II","$2,994,082.40 ","El proyecto Nazca Nea de Grupo Caisa ofrece casas de 2 niveles con amenidades exclusivas, rodeadas de parques, �reas comerciales y colegios dentro de Zibat�. Disfruta de una vivienda moderna y segura colmada de confort, en una ubicaci�n estrat�gica y llena de ventajas."
2,Av. Cayuco,Santiago de Quer�taro,3,Zibatá II,76269,1850,600,El Marqu�s,Nazca Nea,289,Horizontal,Quer�taro,154.4,15.1,122.4,,120,2,3,22948,,,A1,Casa,,"Av. Cayuco, Zibata II","$3,032,239.20 ","El proyecto Nazca Nea de Grupo Caisa ofrece casas de 2 niveles con amenidades exclusivas, rodeadas de parques, �reas comerciales y colegios dentro de Zibat�. Disfruta de una vivienda moderna y segura colmada de confort, en una ubicaci�n estrat�gica y llena de ventajas."
2,Circuito Jacaranda,Santiago de Quer�taro,2,Fraccionamiento Zar�,76269,2290,,El Marqu�s,Oasis High Residence,258,Subvertical,Quer�taro,142.8,57.4,,,A-105,1,2,2087,1.5,,DEPARTAMENTO E,Departamento,Torre A,"Circuito Jacaranda, Zar�","$3,404,057.60 ","Espacio de alta gama en Zar�, coraz�n del Quer�tar Moderno"
2,Circuito Jacaranda,Santiago de Quer�taro,2,Fraccionamiento Zar�,76269,1900,,El Marqu�s,Oasis High Residence,289,Subvertical,Quer�taro,114.5,,,,A-205,1,2,2087,2.5,,DEPARTAMENTO A,Departamento,Torre A,"Circuito Jacaranda, Zar�","$2,669,258.40 ","Espacio de alta gama en Zar�, coraz�n del Quer�tar Moderno"
2,Circuito Jacaranda,Santiago de Quer�taro,2,Fraccionamiento Zar�,76269,1700,,El Marqu�s,Oasis High Residence,288,Subvertical,Quer�taro,102,,,,A-301,1,2,2087,3.1,,DEPARTAMENTO B,Departamento,Torre A,"Circuito Jacaranda, Zar�","$2,420,403.20 ","Espacio de alta gama en Zar�, coraz�n del Quer�tar Moderno"
2,Circuito Jacaranda,Santiago de Quer�taro,2,Fraccionamiento Zar�,76269,2170,,El Marqu�s,Oasis High Residence,258,Subvertical,Quer�taro,135.1,56.8,,,A-101,1,2,2087,1.1,,DEPARTAMENTO F,Departamento,Torre A,"Circuito Jacaranda, Zar�","$3,409,339.20 ","Espacio de alta gama en Zar�, coraz�n del Quer�tar Moderno"
1,Circuito Jacaranda,Santiago de Quer�taro,2,Fraccionamiento Zar�,76269,1500,,El Marqu�s,Oasis High Residence,501,Subvertical,Quer�taro,87.9,,,,B-206,1,2,2087,2.6,,DEPARTAMENTO D,Departamento,Torre B,"Circuito Jacaranda, Zar�","$2,407,340.80 ","Espacio de alta gama en Zar�, coraz�n del Quer�tar Moderno"
1,Circuito Jacaranda,Santiago de Quer�taro,2,Fraccionamiento Zar�,76269,1400,,El Marqu�s,Oasis High Residence,501,Subvertical,Quer�taro,83.1,,,,B-303,1,2,2087,3.3,,DEPARTAMENTO C,Departamento,Torre B,"Circuito Jacaranda, Zar�","$2,299,591.20 ","Espacio de alta gama en Zar�, coraz�n del Quer�tar Moderno"
2,Circuito Jacaranda,Santiago de Quer�taro,2,Fraccionamiento Zar�,76269,1900,,El Marqu�s,Oasis High Residence,501,Subvertical,Quer�taro,114.5,,,,B-405,1,2,2087,4.5,,DEPARTAMENTO A,Departamento,Torre B,"Circuito Jacaranda, Zar�","$2,820,075.20 ","Espacio de alta gama en Zar�, coraz�n del Quer�tar Moderno"
1,Circuito Jacaranda,Santiago de Quer�taro,2,Fraccionamiento Zar�,76269,1400,,El Marqu�s,Oasis High Residence,501,Subvertical,Quer�taro,83.1,,,,B-503,1,2,2087,5.3,,DEPARTAMENTO C,Departamento,Torre B,"Circuito Jacaranda, Zar�","$2,324,683.20 ","Espacio de alta gama en Zar�, coraz�n del Quer�tar Moderno"
2,Circuito Jacaranda,Santiago de Quer�taro,2,Fraccionamiento Zar�,76269,1900,,El Marqu�s,Oasis High Residence,228,Subvertical,Quer�taro,114.5,,,,A-305,1,2,2087,3.5,,DEPARTAMENTO A,Departamento,Torre A,"Circuito Jacaranda, Zar�","$2,808,075.20 ","Espacio de alta gama en Zar�, coraz�n del Quer�tar Moderno"
1,Circuito Jacaranda,Santiago de Quer�taro,2,Fraccionamiento Zar�,76269,1500,,El Marqu�s,Oasis High Residence,228,Subvertical,Quer�taro,87.9,,,,A-306,1,2,2087,3.6,,DEPARTAMENTO D,Departamento,Torre A,"Circuito Jacaranda, Zar�","$2,389,181.97 ","Espacio de alta gama en Zar�, coraz�n del Quer�tar Moderno"
2,Circuito Jacaranda,Santiago de Quer�taro,2,Fraccionamiento Zar�,76269,1700,,El Marqu�s,Oasis High Residence,288,Subvertical,Quer�taro,102,,,,A-402,1,2,2087,4.2,,DEPARTAMENTO B,Departamento,Torre A,"Circuito Jacaranda, Zar�","$2,432,826.40 ","Espacio de alta gama en Zar�, coraz�n del Quer�tar Moderno"
2,Circuito Jacaranda,Santiago de Quer�taro,2,Fraccionamiento Zar�,76269,2170,,El Marqu�s,Oasis High Residence,501,Subvertical,Quer�taro,135.1,56.8,,,B-101,1,2,2087,1.1,,DEPARTAMENTO F,Departamento,Torre B,"Circuito Jacaranda, Zar�","$3,473,676.91 ","Espacio de alta gama en Zar�, coraz�n del Quer�tar Moderno"
2,Circuito Jacaranda,Santiago de Quer�taro,2,Fraccionamiento Zar�,76269,1400,,El Marqu�s,Oasis High Residence,501,Subvertical,Quer�taro,83.1,34.3,,,B-103,1,2,2087,1.3,,DEPARTAMENTO C,Departamento,Torre B,"Circuito Jacaranda, Zar�","$2,521,790.88 ","Espacio de alta gama en Zar�, coraz�n del Quer�tar Moderno"
2,Polígono B2 EXT,Santiago de Quer�taro,3,Rancho Cerro Prieto,76269,1250,350,El Marqu�s,Sinfonía,0,Horizontal,Quer�taro,180,31.3,169.1,,89,3,3,30889,,,D,Casa,,"Pol�gono B2 EXT, Rancho Cerro Prieto","$3,321,291.20 ",Patrimonio de gran valor y privacidad con el mejor acceso al Fray Jun�pero
2,Polígono B2 EXT,Santiago de Quer�taro,3,Rancho Cerro Prieto,76269,1250,350,El Marqu�s,Sinfonía,0,Horizontal,Quer�taro,121.5,36.9,132.7,,52,2,3,30889,,,A,Casa,,"Pol�gono B2 EXT, Rancho Cerro Prieto","$2,546,551.20 ",Patrimonio de gran valor y privacidad con el mejor acceso al Fray Jun�pero
2,Polígono B2 EXT,Santiago de Quer�taro,0,Rancho Cerro Prieto,76269,1250,350,El Marqu�s,Sinfonía,0,Horizontal,Quer�taro,134,25.4,137.5,,47,0,0,30889,,,F,Casa,,"Pol�gono B2 EXT, Rancho Cerro Prieto","$2,625,208.80 ",Patrimonio de gran valor y privacidad con el mejor acceso al Fray Jun�pero
2,Polígono B2 EXT,Santiago de Quer�taro,2,Rancho Cerro Prieto,76269,1250,350,El Marqu�s,Sinfonía,0,Horizontal,Quer�taro,138.8,53.5,,1.67,7,1,2,30889,,,E1,Casa,,"Pol�gono B2 EXT, Rancho Cerro Prieto","$2,913,837.60 ",Patrimonio de gran valor y privacidad con el mejor acceso al Fray Jun�pero
2,Polígono B2 EXT,Santiago de Quer�taro,2,Rancho Cerro Prieto,76269,1250,350,El Marqu�s,Sinfonía,44,Horizontal,Quer�taro,110.4,73.6,,,9,1,2,30889,,,C1,Casa,,"Pol�gono B2 EXT, Rancho Cerro Prieto","$2,593,742.40 ",Patrimonio de gran valor y privacidad con el mejor acceso al Fray Jun�pero
2,Polígono B2 EXT,Santiago de Quer�taro,3,Rancho Cerro Prieto,76269,1250,350,El Marqu�s,Sinfonía,44,Horizontal,Quer�taro,148.6,,,,10,2,3,30889,,,D1,Casa,,"Pol�gono B2 EXT, Rancho Cerro Prieto","$2,586,247.20 ",Patrimonio de gran valor y privacidad con el mejor acceso al Fray Jun�pero
2,Polígono B2 EXT,Santiago de Quer�taro,3,Rancho Cerro Prieto,76269,1250,350,El Marqu�s,Sinfonía,0,Horizontal,Quer�taro,146.7,,,,16,2,3,30889,,,F1,Casa,,"Pol�gono B2 EXT, Rancho Cerro Prieto","$2,546,542.40 ",Patrimonio de gran valor y privacidad con el mejor acceso al Fray Jun�pero
2,Polígono B2 EXT,Santiago de Quer�taro,3,Rancho Cerro Prieto,76269,1250,350,El Marqu�s,Sinfonía,44,Horizontal,Quer�taro,151.3,31.5,150.8,,19,2,3,30889,,,B,Casa,,"Pol�gono B2 EXT, Rancho Cerro Prieto","$2,855,917.60 ",Patrimonio de gran valor y privacidad con el mejor acceso al Fray Jun�pero
2,Polígono B2 EXT,Santiago de Quer�taro,3,Rancho Cerro Prieto,76269,1250,350,El Marqu�s,Sinfonía,44,Horizontal,Quer�taro,148.6,,,,14,2,3,30889,,,D1,Casa,,"Pol�gono B2 EXT, Rancho Cerro Prieto","$2,586,247.20 ",Patrimonio de gran valor y privacidad con el mejor acceso al Fray Jun�pero
2,Polígono B2 EXT,Santiago de Quer�taro,0,Rancho Cerro Prieto,76269,1250,350,El Marqu�s,Sinfonía,44,Horizontal,Quer�taro,134,25.4,137.6,,37,0,0,30889,,,F,Casa,,"Pol�gono B2 EXT, Rancho Cerro Prieto","$2,667,369.60 ",Patrimonio de gran valor y privacidad con el mejor acceso al Fray Jun�pero
2,Polígono B2 EXT,Santiago de Quer�taro,0,Rancho Cerro Prieto,76269,1250,350,El Marqu�s,Sinfonía,44,Horizontal,Quer�taro,134,23.2,140.3,,25,0,0,30889,,,F,Casa,,"Pol�gono B2 EXT, Rancho Cerro Prieto","$2,667,369.57 ",Patrimonio de gran valor y privacidad con el mejor acceso al Fray Jun�pero
2,Polígono B2 EXT,Santiago de Quer�taro,3,Rancho Cerro Prieto,76269,1250,350,El Marqu�s,Sinfonía,0,Horizontal,Quer�taro,148.6,,,,12,2,3,30889,,,D1,Casa,,"Pol�gono B2 EXT, Rancho Cerro Prieto","$2,586,247.20 ",Patrimonio de gran valor y privacidad con el mejor acceso al Fray Jun�pero
2,Polígono B2 EXT,Santiago de Quer�taro,3,Rancho Cerro Prieto,76269,1250,350,El Marqu�s,Sinfonía,0,Horizontal,Quer�taro,91.9,20.2,,,A101,2,3,30889,1.1,,DEPARTAMENTO B,Departamento,Torre A,"Pol�gono B2 EXT, Rancho Cerro Prieto","$2,245,052.61 ",Patrimonio de gran valor y privacidad con el mejor acceso al Fray Jun�pero
1,Polígono B2 EXT,Santiago de Quer�taro,3,Rancho Cerro Prieto,76269,1250,350,El Marqu�s,Sinfonía,44,Horizontal,Quer�taro,73.8,73,,,A102,2,3,30889,1.2,,DEPARTAMENTO A,Departamento,Torre A,"Pol�gono B2 EXT, Rancho Cerro Prieto","$2,199,482.06 ",Patrimonio de gran valor y privacidad con el mejor acceso al Fray Jun�pero
2,Polígono B2 EXT,Santiago de Quer�taro,3,Rancho Cerro Prieto,76269,1250,350,El Marqu�s,Sinfonía,44,Horizontal,Quer�taro,92.4,,,18.78,A301,2,3,30889,3.1,,DEPARTAMENTO B,Departamento,Torre A,"Pol�gono B2 EXT, Rancho Cerro Prieto","$2,188,294.28 ",Patrimonio de gran valor y privacidad con el mejor acceso al Fray Jun�pero
2,Polígono B2 EXT,Santiago de Quer�taro,3,Rancho Cerro Prieto,76269,1250,350,El Marqu�s,Sinfonía,0,Horizontal,Quer�taro,91.9,,,,H201,2,3,30889,2.1,,DEPARTAMENTO B,Departamento,Torre H,"Pol�gono B2 EXT, Rancho Cerro Prieto","$1,988,750.40 ",Patrimonio de gran valor y privacidad con el mejor acceso al Fray Jun�pero
2,Polígono B2 EXT,Santiago de Quer�taro,3,Rancho Cerro Prieto,76269,1250,350,El Marqu�s,Sinfonía,0,Horizontal,Quer�taro,73.8,60.5,,,I102,2,3,30889,1.2,,DEPARTAMENTO A,Departamento,Torre I,"Pol�gono B2 EXT, Rancho Cerro Prieto","$2,150,000.80 ",Patrimonio de gran valor y privacidad con el mejor acceso al Fray Jun�pero
2,Polígono B2 EXT,Santiago de Quer�taro,3,Rancho Cerro Prieto,76269,1250,350,El Marqu�s,Sinfonía,0,Horizontal,Quer�taro,91.9,,,,I201,2,3,30889,2.1,,DEPARTAMENTO B,Departamento,Torre I,"Pol�gono B2 EXT, Rancho Cerro Prieto","$2,029,150.40 ",Patrimonio de gran valor y privacidad con el mejor acceso al Fray Jun�pero
2,Circuito Estado de Israel,Santiago de Quer�taro,3,Jurica,76100,,4600,Felix Osores Sotomayor,Sophia Distrito,0,Horizontal,Quer�taro,250.3,34.1,150,,7,2,3,25507,,100003,B,Casa,,"Circuito Estado de Israel 100 001, Jur�ca","$5,037,396.91 ","Antea Lifestyle, escuelas y universidades, centros comerciales, restaurantes, centros deportivos, tiendas de autoservicio, bancos, farmacias, hospitales, corporativos de oficinas, hoteles, tiendas departamentales, centros de entretenimiento, entre otros."
2,Circuito Estado de Israel,Santiago de Quer�taro,3,Jurica,76100,,4500,Felix Osores Sotomayor,Sophia Distrito,75,Horizontal,Quer�taro,219.5,36.3,147,,16,2,3,25507,,100002,C,Casa,,"Circuito Estado de Israel 100 001, Jur�ca","$4,541,748.22 ","Antea Lifestyle, escuelas y universidades, centros comerciales, restaurantes, centros deportivos, tiendas de autoservicio, bancos, farmacias, hospitales, corporativos de oficinas, hoteles, tiendas departamentales, centros de entretenimiento, entre otros."
2,Circuito Estado de Israel,Santiago de Quer�taro,3,Jurica,76100,,4500,Felix Osores Sotomayor,Sophia Distrito,105,Horizontal,Quer�taro,219.5,36.2,146.9,,17,2,3,25507,,100002,C,Casa,,"Circuito Estado de Israel 100 001, Jur�ca","$4,541,748.22 ","Antea Lifestyle, escuelas y universidades, centros comerciales, restaurantes, centros deportivos, tiendas de autoservicio, bancos, farmacias, hospitales, corporativos de oficinas, hoteles, tiendas departamentales, centros de entretenimiento, entre otros."
2,Circuito Estado de Israel,Santiago de Quer�taro,3,Jurica,76100,,4500,Felix Osores Sotomayor,Sophia Distrito,44,Horizontal,Quer�taro,219.5,38,149.4,,20,2,3,25507,,100002,C,Casa,,"Circuito Estado de Israel 100 001, Jur�ca","$4,553,748.22 ","Antea Lifestyle, escuelas y universidades, centros comerciales, restaurantes, centros deportivos, tiendas de autoservicio, bancos, farmacias, hospitales, corporativos de oficinas, hoteles, tiendas departamentales, centros de entretenimiento, entre otros."
2,Circuito Estado de Israel,Santiago de Quer�taro,3,Jurica,76100,,4500,Felix Osores Sotomayor,Sophia Distrito,105,Horizontal,Quer�taro,219.5,51.7,175.1,,26,2,3,25507,,100002,C,Casa,,"Circuito Estado de Israel 100 001, Jur�ca","$4,605,668.53 ","Antea Lifestyle, escuelas y universidades, centros comerciales, restaurantes, centros deportivos, tiendas de autoservicio, bancos, farmacias, hospitales, corporativos de oficinas, hoteles, tiendas departamentales, centros de entretenimiento, entre otros."
2,Circuito Estado de Israel,Santiago de Quer�taro,3,Jurica,76100,,4500,Felix Osores Sotomayor,Sophia Distrito,105,Horizontal,Quer�taro,219.5,42.2,166.6,,27,2,3,25507,,100002,C,Casa,,"Circuito Estado de Israel 100 001, Jur�ca","$4,562,338.49 ","Antea Lifestyle, escuelas y universidades, centros comerciales, restaurantes, centros deportivos, tiendas de autoservicio, bancos, farmacias, hospitales, corporativos de oficinas, hoteles, tiendas departamentales, centros de entretenimiento, entre otros."
2,Circuito Estado de Israel,Santiago de Quer�taro,3,Jurica,76100,,4700,Felix Osores Sotomayor,Sophia Distrito,0,Horizontal,Quer�taro,262.5,101.4,231.2,,30,2,3,25507,,100003,B CON CDS,Casa,,"Circuito Estado de Israel 100 001, Jur�ca","$5,759,581.99 ","Antea Lifestyle, escuelas y universidades, centros comerciales, restaurantes, centros deportivos, tiendas de autoservicio, bancos, farmacias, hospitales, corporativos de oficinas, hoteles, tiendas departamentales, centros de entretenimiento, entre otros."
3,Circuito Estado de Israel,Santiago de Quer�taro,3,Jurica,76100,,4600,Felix Osores Sotomayor,Sophia Distrito,197,Horizontal,Quer�taro,250.3,31.3,162.6,,54,2,3,25507,,100003,B,Casa,,"Circuito Estado de Israel 100 001, Jur�ca","$5,297,012.03 ","Antea Lifestyle, escuelas y universidades, centros comerciales, restaurantes, centros deportivos, tiendas de autoservicio, bancos, farmacias, hospitales, corporativos de oficinas, hoteles, tiendas departamentales, centros de entretenimiento, entre otros."
2,Circuito Estado de Israel,Santiago de Quer�taro,3,Jurica,76100,,4400,Felix Osores Sotomayor,Sophia Distrito,44,Horizontal,Quer�taro,215.8,42.4,150,,75,2,3,25507,,100003,A,Casa,,"Circuito Estado de Israel 100 001, Jur�ca","$4,751,728.63 ","Antea Lifestyle, escuelas y universidades, centros comerciales, restaurantes, centros deportivos, tiendas de autoservicio, bancos, farmacias, hospitales, corporativos de oficinas, hoteles, tiendas departamentales, centros de entretenimiento, entre otros."
2,Circuito Estado de Israel,Santiago de Quer�taro,3,Jurica,76100,,4500,Felix Osores Sotomayor,Sophia Distrito,105,Horizontal,Quer�taro,219.5,38.2,150,,79,2,3,25507,,100003,C,Casa,,"Circuito Estado de Israel 100 001, Jur�ca","$4,599,828.59 ","Antea Lifestyle, escuelas y universidades, centros comerciales, restaurantes, centros deportivos, tiendas de autoservicio, bancos, farmacias, hospitales, corporativos de oficinas, hoteles, tiendas departamentales, centros de entretenimiento, entre otros."
2,Circuito Estado de Israel,Santiago de Quer�taro,3,Jurica,76100,,4500,Felix Osores Sotomayor,Sophia Distrito,44,Horizontal,Quer�taro,219.5,38.2,150,,80,2,3,25507,,100003,C,Casa,,"Circuito Estado de Israel 100 001, Jur�ca","$4,599,828.59 ","Antea Lifestyle, escuelas y universidades, centros comerciales, restaurantes, centros deportivos, tiendas de autoservicio, bancos, farmacias, hospitales, corporativos de oficinas, hoteles, tiendas departamentales, centros de entretenimiento, entre otros."
2,Circuito Estado de Israel,Santiago de Quer�taro,3,Jurica,76100,,4400,Felix Osores Sotomayor,Sophia Distrito,105,Horizontal,Quer�taro,215.8,42.4,150,,85,2,3,25507,,100003,A,Casa,,"Circuito Estado de Israel 100 001, Jur�ca","$4,807,376.18 ","Antea Lifestyle, escuelas y universidades, centros comerciales, restaurantes, centros deportivos, tiendas de autoservicio, bancos, farmacias, hospitales, corporativos de oficinas, hoteles, tiendas departamentales, centros de entretenimiento, entre otros."
2,Circuito Estado de Israel,Santiago de Quer�taro,4,Jurica,76100,,4400,Felix Osores Sotomayor,Sophia Distrito,105,Horizontal,Quer�taro,215.8,42.4,150,,86,2,4,25507,,100003,A,Casa,,"Circuito Estado de Israel 100 001, Jur�ca","$4,807,376.18 ","Antea Lifestyle, escuelas y universidades, centros comerciales, restaurantes, centros deportivos, tiendas de autoservicio, bancos, farmacias, hospitales, corporativos de oficinas, hoteles, tiendas departamentales, centros de entretenimiento, entre otros."
2,Circuito Estado de Israel,Santiago de Quer�taro,4,Jurica,76100,,3125,Felix Osores Sotomayor,Sophia Distrito,166,Subvertical,Quer�taro,135,64.5,,,D102,2,4,25507,1.02,100003,DEPARTAMENTO B,Departamento,Torre D,"Circuito Estado de Israel 100 001, Jur�ca","$4,648,085.92 ","Antea Lifestyle, escuelas y universidades, centros comerciales, restaurantes, centros deportivos, tiendas de autoservicio, bancos, farmacias, hospitales, corporativos de oficinas, hoteles, tiendas departamentales, centros de entretenimiento, entre otros."
2,Circuito Estado de Israel,Santiago de Quer�taro,4,Jurica,76100,,3125,Felix Osores Sotomayor,Sophia Distrito,44,Subvertical,Quer�taro,135,79,,,D104,2,4,25507,1.04,100002,DEPARTAMENTO B1,Departamento,Torre D,"Circuito Estado de Israel 100 001, Jur�ca","$4,612,710.40 ","Antea Lifestyle, escuelas y universidades, centros comerciales, restaurantes, centros deportivos, tiendas de autoservicio, bancos, farmacias, hospitales, corporativos de oficinas, hoteles, tiendas departamentales, centros de entretenimiento, entre otros."
2,Circuito Estado de Israel,Santiago de Quer�taro,2,Jurica,76100,,5500,Felix Osores Sotomayor,Sophia Distrito,531,Subvertical,Quer�taro,135,62.6,,,B102,1,2,25507,1.02,100001,DEPARTAMENTO B,Departamento,Torre B,"Circuito Estado de Israel 100 001, Jur�ca","$4,804,694.58 ","Antea Lifestyle, escuelas y universidades, centros comerciales, restaurantes, centros deportivos, tiendas de autoservicio, bancos, farmacias, hospitales, corporativos de oficinas, hoteles, tiendas departamentales, centros de entretenimiento, entre otros."
2,Circuito Estado de Israel,Santiago de Quer�taro,2,Jurica,76100,,4940,Felix Osores Sotomayor,Sophia Distrito,562,Subvertical,Quer�taro,165,,,,B203,1,2,25507,2.03,100001,DEPARTAMENTO C,Departamento,Torre B,"Circuito Estado de Israel 100 001, Jur�ca","$4,878,744.91 ","Antea Lifestyle, escuelas y universidades, centros comerciales, restaurantes, centros deportivos, tiendas de autoservicio, bancos, farmacias, hospitales, corporativos de oficinas, hoteles, tiendas departamentales, centros de entretenimiento, entre otros."
2,Circuito Estado de Israel,Santiago de Quer�taro,2,Jurica,76100,,4440,Felix Osores Sotomayor,Sophia Distrito,562,Subvertical,Quer�taro,135,,,,B302,1,2,25507,3.02,100001,DEPARTAMENTO B,Departamento,Torre B,"Circuito Estado de Israel 100 001, Jur�ca","$4,210,909.60 ","Antea Lifestyle, escuelas y universidades, centros comerciales, restaurantes, centros deportivos, tiendas de autoservicio, bancos, farmacias, hospitales, corporativos de oficinas, hoteles, tiendas departamentales, centros de entretenimiento, entre otros."
2,Circuito Estado de Israel,Santiago de Quer�taro,2,Jurica,76100,,4440,Felix Osores Sotomayor,Sophia Distrito,592,Subvertical,Quer�taro,135,,,,B402,1,2,25507,4.02,100001,DEPARTAMENTO B,Departamento,Torre B,"Circuito Estado de Israel 100 001, Jur�ca","$4,223,253.60 ","Antea Lifestyle, escuelas y universidades, centros comerciales, restaurantes, centros deportivos, tiendas de autoservicio, bancos, farmacias, hospitales, corporativos de oficinas, hoteles, tiendas departamentales, centros de entretenimiento, entre otros."
2,Circuito Estado de Israel,Santiago de Quer�taro,2,Jurica,76100,,4440,Felix Osores Sotomayor,Sophia Distrito,592,Subvertical,Quer�taro,135,,,,B504,1,2,25507,5.04,100001,DEPARTAMENTO B,Departamento,Torre B,"Circuito Estado de Israel 100 001, Jur�ca","$4,235,598.40 ","Antea Lifestyle, escuelas y universidades, centros comerciales, restaurantes, centros deportivos, tiendas de autoservicio, bancos, farmacias, hospitales, corporativos de oficinas, hoteles, tiendas departamentales, centros de entretenimiento, entre otros."
2,Circuito Estado de Israel,Santiago de Quer�taro,2,Jurica,76100,,4440,Felix Osores Sotomayor,Sophia Distrito,623,Subvertical,Quer�taro,135,,,,B602,1,2,25507,6.02,100001,DEPARTAMENTO B,Departamento,Torre B,"Circuito Estado de Israel 100 001, Jur�ca","$4,247,942.40 ","Antea Lifestyle, escuelas y universidades, centros comerciales, restaurantes, centros deportivos, tiendas de autoservicio, bancos, farmacias, hospitales, corporativos de oficinas, hoteles, tiendas departamentales, centros de entretenimiento, entre otros."
2,Circuito Estado de Israel,Santiago de Quer�taro,2,Jurica,76100,,4940,Felix Osores Sotomayor,Sophia Distrito,616,Subvertical,Quer�taro,165,,,,B703,1,2,25507,7.03,100001,DEPARTAMENTO C,Departamento,Torre B,"Circuito Estado de Israel 100 001, Jur�ca","$4,938,744.91 ","Antea Lifestyle, escuelas y universidades, centros comerciales, restaurantes, centros deportivos, tiendas de autoservicio, bancos, farmacias, hospitales, corporativos de oficinas, hoteles, tiendas departamentales, centros de entretenimiento, entre otros."
2,Circuito Estado de Israel,Santiago de Quer�taro,2,Jurica,76100,,5510,Felix Osores Sotomayor,Sophia Distrito,623,Subvertical,Quer�taro,165,,,33.63,B803,1,2,25507,8.03,100001,DEPARTAMENTO C,Departamento,Torre B,"Circuito Estado de Israel 100 001, Jur�ca","$5,763,748.80 ","Antea Lifestyle, escuelas y universidades, centros comerciales, restaurantes, centros deportivos, tiendas de autoservicio, bancos, farmacias, hospitales, corporativos de oficinas, hoteles, tiendas departamentales, centros de entretenimiento, entre otros."
2,Circuito Estado de Israel,Santiago de Quer�taro,2,Jurica,76100,,4040,Felix Osores Sotomayor,Sophia Distrito,531,Subvertical,Quer�taro,93,18,,,A101,1,2,25507,1.1,100001,DEPARTAMENTO  A,Departamento,Torre A,"Circuito Estado de Israel 100 001, Jur�ca","$3,710,119.20 ","Antea Lifestyle, escuelas y universidades, centros comerciales, restaurantes, centros deportivos, tiendas de autoservicio, bancos, farmacias, hospitales, corporativos de oficinas, hoteles, tiendas departamentales, centros de entretenimiento, entre otros."
2,Circuito Estado de Israel,Santiago de Quer�taro,2,Jurica,76100,,4440,Felix Osores Sotomayor,Sophia Distrito,562,Subvertical,Quer�taro,135,,,,A202,1,2,25507,2.2,100001,DEPARTAMENTO B,Departamento,Torre A,"Circuito Estado de Israel 100 001, Jur�ca","$4,233,600.00 ","Antea Lifestyle, escuelas y universidades, centros comerciales, restaurantes, centros deportivos, tiendas de autoservicio, bancos, farmacias, hospitales, corporativos de oficinas, hoteles, tiendas departamentales, centros de entretenimiento, entre otros."
2,Circuito Estado de Israel,Santiago de Quer�taro,2,Jurica,76100,,3750,Felix Osores Sotomayor,Sophia Distrito,562,Subvertical,Quer�taro,94,,,,A305,1,2,25507,3.5,100001,DEPARTAMENTO A1,Departamento,Torre A,"Circuito Estado de Israel 100 001, Jur�ca","$3,551,504.00 ","Antea Lifestyle, escuelas y universidades, centros comerciales, restaurantes, centros deportivos, tiendas de autoservicio, bancos, farmacias, hospitales, corporativos de oficinas, hoteles, tiendas departamentales, centros de entretenimiento, entre otros."
2,Circuito Estado de Israel,Santiago de Quer�taro,2,Jurica,76100,,4940,Felix Osores Sotomayor,Sophia Distrito,593,Subvertical,Quer�taro,165,,,,A403,1,2,25507,4.3,100001,DEPARTAMENTO C,Departamento,Torre A,"Circuito Estado de Israel 100 001, Jur�ca","$4,966,744.80 ","Antea Lifestyle, escuelas y universidades, centros comerciales, restaurantes, centros deportivos, tiendas de autoservicio, bancos, farmacias, hospitales, corporativos de oficinas, hoteles, tiendas departamentales, centros de entretenimiento, entre otros."
2,Circuito Estado de Israel,Santiago de Quer�taro,2,Jurica,76100,,3760,Felix Osores Sotomayor,Sophia Distrito,593,Subvertical,Quer�taro,94,,,,A501,1,2,25507,5.1,100001,DEPARTAMENTO  A,Departamento,Torre A,"Circuito Estado de Israel 100 001, Jur�ca","$3,575,504.00 ","Antea Lifestyle, escuelas y universidades, centros comerciales, restaurantes, centros deportivos, tiendas de autoservicio, bancos, farmacias, hospitales, corporativos de oficinas, hoteles, tiendas departamentales, centros de entretenimiento, entre otros."
2,Circuito Estado de Israel,Santiago de Quer�taro,2,Jurica,76100,,4890,Felix Osores Sotomayor,Sophia Distrito,654,Subvertical,Quer�taro,135,,,27.17,A804,1,2,25507,8.4,100001,DEPARTAMENTO B,Departamento,Torre A,"Circuito Estado de Israel 100 001, Jur�ca","$4,904,946.40 ","Antea Lifestyle, escuelas y universidades, centros comerciales, restaurantes, centros deportivos, tiendas de autoservicio, bancos, farmacias, hospitales, corporativos de oficinas, hoteles, tiendas departamentales, centros de entretenimiento, entre otros."
2,Circuito Estado de Israel,Santiago de Quer�taro,2,Jurica,76100,,3750,Felix Osores Sotomayor,Sophia Distrito,654,Subvertical,Quer�taro,94,,,,A805,1,2,25507,8.5,100001,DEPARTAMENTO A1,Departamento,Torre A,"Circuito Estado de Israel 100 001, Jur�ca","$3,611,504.00 ","Antea Lifestyle, escuelas y universidades, centros comerciales, restaurantes, centros deportivos, tiendas de autoservicio, bancos, farmacias, hospitales, corporativos de oficinas, hoteles, tiendas departamentales, centros de entretenimiento, entre otros."
